{
	"gliders": {
		"durin": {
			"Because": "pitch not commanded [behavior surface_4 start_when = 2.0]",
			"MissionName": "uib02a.mi",
			"SegmentName": "durin_2021_118_6_51",
			"SegmentNum": "0127.0051",
			"VehicleName": "durin",
			"Project": "GIMSOY",
			"Mission": "20210429-GIMSOY",
			"CurrentTimeNum": 738278.2229,
			"CurrentTime": "02-May-2021 05:20:56",
			"MissionTime": 255093,
			"MissionStart": "29-Apr-2021 07:30:00",
			"DRLocation": [68.59666667,11.30933333,63.752],
			"GPSTooFar": [696970.15,696970.15,1e+308],
			"GPSInvalid": [68.57375,11.27071667,160.862],
			"GPSLocation": [68.59666667,11.30933333,66.422],
			"Sensors": {
				"c_autoballast_state": [2,289.443],
				"c_autoballast_volume": [300,285.127],
				"c_climb_bpump": [120,285.131],
				"c_dive_bpump": [-180,285.135],
				"c_iridium_current_num": [0,62456.5],
				"c_wpt_lat": [7010.02,15483.6],
				"c_wpt_lon": [848,15483.6],
				"m_avg_climb_rate": [-0.1420404135,289.526],
				"m_avg_dive_rate": [0.1471434065,7617.64],
				"m_avg_upward_inflection_time": [111.2942223,245194],
				"m_battery": [16.31034836,34.887],
				"m_bms_aft_current": [0.142188,3.427],
				"m_bms_ebay_current": [0.11,3.459],
				"m_bms_pitch_current": [0.100314,3.491],
				"m_coulomb_amphr": [9.551246,3.347],
				"m_coulomb_amphr_total": [9.666248,3.351],
				"m_digifin_leakdetect_reading": [1022,3.577],
				"m_inflection_depth": [976.7243099,7519.57],
				"m_iridium_attempt_num": [2,59.279],
				"m_iridium_signal_strength": [5,47.291],
				"m_leakdetect_voltage": [2.485744811,7.192],
				"m_leakdetect_voltage_forward": [2.495848596,7.157],
				"m_leakdetect_voltage_science": [2.5,7.121],
				"m_lithium_battery_relative_charge": [96.77791733,3.385],
				"m_tot_num_inflections": [2469,285.522],
				"m_vacuum": [9.212535165,42.976],
				"m_water_vx": [0.3089759364,128.965],
				"m_water_vy": [0.06519347358,128.969],
				"u_alt_min_depth": [1050,46493.7]
			},
			"DeviceStr": "devices:(t\/m\/s) errs:   0\/   0\/   0 warn:   6\/   6\/   0 odd:  69\/  47\/   1",
			"AbortStr": "ABORT HISTORY: total since reset: 0",
			"Waypoint": {
				"Lat": 70.167,
				"Lon": 8.8,
				"Rng": 200936,
				"Brg": 327,
				"AgeStr": "40:14h:m"
			}
		},
		"verd": {
			"Because": "pitch not commanded [behavior surface_4 start_when = 2.0]",
			"MissionName": "uib02a.mi",
			"SegmentName": "verd_2021_075_1_682",
			"SegmentNum": "0040.0682",
			"VehicleName": "verd",
			"Project": "SVINOY",
			"Mission": "20210309-SVINOY",
			"CurrentTimeNum": 738278.2589,
			"CurrentTime": "02-May-2021 06:12:47",
			"MissionTime": 3968048,
			"MissionStart": "09-Mar-2021 03:30:00",
			"DRLocation": [63.55035,1.259266667,575.888],
			"GPSTooFar": [696970.15,696970.15,1e+308],
			"GPSInvalid": [63.5301,1.22925,666.847],
			"GPSLocation": [63.55035,1.259266667,577.555],
			"Sensors": {
				"c_autoballast_state": [1,45524.4],
				"c_autoballast_volume": [300,156.9],
				"c_climb_bpump": [262.5,156.904],
				"c_dive_bpump": [-87.5,156.908],
				"c_iridium_current_num": [1,337166],
				"c_wpt_lat": [6400,159.859],
				"c_wpt_lon": [200,159.863],
				"m_avg_climb_rate": [-0.1771059565,692.017],
				"m_avg_dive_rate": [0.1874249595,7153.27],
				"m_avg_upward_inflection_time": [93.75480369,249061],
				"m_battery": [13.8752473,47.234],
				"m_bms_aft_current": [0.10875,3.43],
				"m_bms_ebay_current": [0.097812,3.462],
				"m_bms_pitch_current": [0.086874,3.494],
				"m_coulomb_amphr": [198.886448,3.35],
				"m_coulomb_amphr_total": [228.128836,3.354],
				"m_digifin_leakdetect_reading": [1023,7.616],
				"m_iridium_attempt_num": [2,80.081],
				"m_iridium_signal_strength": [3,68.095],
				"m_leakdetect_voltage": [2.478113553,47.18],
				"m_leakdetect_voltage_forward": [2.488247863,47.145],
				"m_leakdetect_voltage_science": [2.483394383,47.11],
				"m_lithium_battery_relative_charge": [23.95705467,3.384],
				"m_tot_num_inflections": [938,688.085],
				"m_vacuum": [9.318143004,55.742],
				"m_water_vx": [0.0437060794,580.011],
				"m_water_vy": [-0.1107466935,580.015],
				"u_alt_min_depth": [1030,247904]
			},
			"DeviceStr": "devices:(t\/m\/s) errs:   0\/   0\/   0 warn: 119\/ 119\/   0 odd: 972\/ 972\/   5",
			"AbortStr": "ABORT HISTORY: total since reset: 0",
			"Waypoint": {
				"Lat": 64,
				"Lon": 2,
				"Rng": 64965,
				"Brg": 42,
				"AgeStr": "40:23h:m"
			}
		}
	}
}
