{
	"gliders": {
		"durin": {
			"Because": "pitch not commanded [behavior surface_4 start_when = 2.0]",
			"MissionName": "uib02a.mi",
			"SegmentName": "durin_2021_122_1_26",
			"SegmentNum": "0129.0026",
			"VehicleName": "durin",
			"Project": "GIMSOY",
			"Mission": "20210429-GIMSOY",
			"CurrentTimeNum": 738282.5481,
			"CurrentTime": "06-May-2021 13:09:12",
			"MissionTime": 234081,
			"MissionStart": "29-Apr-2021 07:30:00",
			"DRLocation": [69.03048333,11.49885,123.729],
			"GPSTooFar": [696970.15,696970.15,1e+308],
			"GPSInvalid": [69.0159,11.5021,222.947],
			"GPSLocation": [69.03048333,11.49885,126.8],
			"Sensors": {
				"c_autoballast_state": [1,225435],
				"c_autoballast_volume": [300,7505],
				"c_climb_bpump": [120,7505.01],
				"c_dive_bpump": [-180,7505.01],
				"c_iridium_current_num": ["_NaN_","_NaN_"],
				"c_wpt_lat": [7010.02,234025],
				"c_wpt_lon": [848,234025],
				"m_avg_climb_rate": [-0.1241905371,357.544],
				"m_avg_dive_rate": [0.1059133186,8413.86],
				"m_avg_upward_inflection_time": [47.43032578,7493.11],
				"m_battery": [16.23144455,43.206],
				"m_bms_aft_current": [0.139688,3.432],
				"m_bms_ebay_current": [0.137188,3.464],
				"m_bms_pitch_current": [0.1025,3.496],
				"m_coulomb_amphr": [7.179932,3.351],
				"m_coulomb_amphr_total": [20.76878,3.355],
				"m_digifin_leakdetect_reading": [1022,7.592],
				"m_inflection_depth": [975.830578,8315.76],
				"m_iridium_attempt_num": [2,51.594],
				"m_iridium_signal_strength": [3,39.608],
				"m_leakdetect_voltage": [2.483943834,39.206],
				"m_leakdetect_voltage_forward": [2.49514652,39.171],
				"m_leakdetect_voltage_science": [2.5,39.136],
				"m_lithium_battery_relative_charge": [93.07707333,3.389],
				"m_tot_num_inflections": [2511,353.615],
				"m_vacuum": [9.164178681,110.917],
				"m_water_vx": [0.1830607833,188.9],
				"m_water_vy": [-0.01428332914,188.903],
				"u_alt_min_depth": ["_NaN_","_NaN_"]
			},
			"DeviceStr": "devices:(t\/m\/s) errs:   0\/   0\/   0 warn:   4\/   4\/   0 odd:  35\/  35\/   6",
			"AbortStr": "ABORT HISTORY: total since reset: 0",
			"Waypoint": {
				"Lat": 70.167,
				"Lon": 8.8,
				"Rng": 164554,
				"Brg": 316,
				"AgeStr": "65:0h:m"
			}
		},
		"verd": {
			"Because": "Hit a waypoint [behavior surface_5 start_when = 8.0]",
			"MissionName": "uib02a.mi",
			"SegmentName": "verd_2021_125_0_0",
			"SegmentNum": "0041.0000",
			"VehicleName": "verd",
			"Project": "SVINOY",
			"Mission": "20210309-SVINOY",
			"CurrentTimeNum": 738282.5595,
			"CurrentTime": "06-May-2021 13:25:40",
			"MissionTime": 13079,
			"MissionStart": "09-Mar-2021 03:30:00",
			"DRLocation": [63.8079,1.962016667,123.858],
			"GPSTooFar": [696970.15,696970.15,1e+308],
			"GPSInvalid": [63.8295,1.938,220.057],
			"GPSLocation": [63.8079,1.962016667,124.78],
			"Sensors": {
				"c_autoballast_state": [1,8466.79],
				"c_autoballast_volume": [500,345.081],
				"c_climb_bpump": [245,345.084],
				"c_dive_bpump": [-255,345.088],
				"c_iridium_current_num": ["_NaN_","_NaN_"],
				"c_wpt_lat": [6243.2,2381.96],
				"c_wpt_lon": [425.8,2381.97],
				"m_avg_climb_rate": [-0.09159482339,337.185],
				"m_avg_dive_rate": [0.2154538074,8466.88],
				"m_avg_upward_inflection_time": [88.01470225,2362.33],
				"m_battery": [13.64867183,59.129],
				"m_bms_aft_current": [0.117814,3.497],
				"m_bms_ebay_current": [0.1025,3.528],
				"m_bms_pitch_current": [0.089688,3.56],
				"m_coulomb_amphr": [0.754872,3.416],
				"m_coulomb_amphr_total": [242.248692,3.421],
				"m_digifin_leakdetect_reading": [1023,3.649],
				"m_iridium_attempt_num": [2,103.323],
				"m_iridium_signal_strength": [1,91.315],
				"m_leakdetect_voltage": [2.478266178,59.075],
				"m_leakdetect_voltage_forward": [2.488064713,59.039],
				"m_leakdetect_voltage_science": [2.483119658,59.004],
				"m_lithium_battery_relative_charge": [19.250436,3.451],
				"m_tot_num_inflections": [984,333.235],
				"m_vacuum": [9.326821099,27.325],
				"m_water_vx": [-0.1156369115,189.119],
				"m_water_vy": [0.03701093947,189.123],
				"u_alt_min_depth": ["_NaN_","_NaN_"]
			},
			"DeviceStr": "devices:(t\/m\/s) errs:   0\/   0\/   0 warn:   0\/   0\/   0 odd:   5\/   5\/   5",
			"AbortStr": "ABORT HISTORY: total since reset: 0",
			"Waypoint": {
				"Lat": 62.72,
				"Lon": 4.43,
				"Rng": 168160,
				"Brg": 134,
				"AgeStr": "0:39h:m"
			}
		}
	}
}
