{
	"gliders": {
		"durin": {
			"Because": "pitch not commanded [behavior surface_4 start_when = 2.0]",
			"MissionName": "uib02a.mi",
			"SegmentName": "durin_2021_118_6_60",
			"SegmentNum": "0127.0060",
			"VehicleName": "durin",
			"Project": "GIMSOY",
			"Mission": "20210429-GIMSOY",
			"CurrentTimeNum": 738278.9281,
			"CurrentTime": "02-May-2021 22:16:30",
			"MissionTime": 317194,
			"MissionStart": "29-Apr-2021 07:30:00",
			"DRLocation": [68.65078333,11.39936667,245.127],
			"GPSTooFar": [696970.15,696970.15,1e+308],
			"GPSInvalid": [68.6372,11.38306667,341.277],
			"GPSLocation": [68.65078333,11.39936667,246.805],
			"Sensors": {
				"c_autoballast_state": [2,482.645],
				"c_autoballast_volume": [300,478.255],
				"c_climb_bpump": [120,478.259],
				"c_dive_bpump": [-180,478.263],
				"c_iridium_current_num": [0,124558],
				"c_wpt_lat": [7010.02,77584.7],
				"c_wpt_lon": [848,77584.7],
				"m_avg_climb_rate": [-0.1076107379,482.727],
				"m_avg_dive_rate": [0.123330683,7690.74],
				"m_avg_upward_inflection_time": [111.2942223,307295],
				"m_battery": [16.29008172,63.775],
				"m_bms_aft_current": [0.136248,3.443],
				"m_bms_ebay_current": [0.132812,3.475],
				"m_bms_pitch_current": [0.122186,3.507],
				"m_coulomb_amphr": [11.489958,3.363],
				"m_coulomb_amphr_total": [11.60496,3.367],
				"m_digifin_leakdetect_reading": [1023,3.595],
				"m_inflection_depth": [974.8697241,7592.81],
				"m_iridium_attempt_num": [1,78.588],
				"m_iridium_signal_strength": [5,64.166],
				"m_leakdetect_voltage": [2.482967033,63.675],
				"m_leakdetect_voltage_forward": [2.494810745,63.639],
				"m_leakdetect_voltage_science": [2.5,63.604],
				"m_lithium_battery_relative_charge": [96.13168,3.4],
				"m_tot_num_inflections": [2477,478.636],
				"m_vacuum": [9.210879121,63.786],
				"m_water_vx": [0.2480291511,310.332],
				"m_water_vy": [-0.02368932419,310.336],
				"u_alt_min_depth": [1050,108595]
			},
			"DeviceStr": "devices:(t\/m\/s) errs:   0\/   0\/   0 warn:   6\/   6\/   0 odd:  74\/  52\/   0",
			"AbortStr": "ABORT HISTORY: total since reset: 0",
			"Waypoint": {
				"Lat": 70.167,
				"Lon": 8.8,
				"Rng": 197441,
				"Brg": 325,
				"AgeStr": "57:29h:m"
			}
		},
		"verd": {
			"Because": "pitch not commanded [behavior surface_4 start_when = 2.0]",
			"MissionName": "uib02a.mi",
			"SegmentName": "verd_2021_075_1_689",
			"SegmentNum": "0040.0689",
			"VehicleName": "verd",
			"Project": "SVINOY",
			"Mission": "20210309-SVINOY",
			"CurrentTimeNum": 738279.0966,
			"CurrentTime": "03-May-2021 02:19:02",
			"MissionTime": 4041833,
			"MissionStart": "09-Mar-2021 03:30:00",
			"DRLocation": [63.59741667,1.421766667,60.068],
			"GPSTooFar": [696970.15,696970.15,1e+308],
			"GPSInvalid": [63.58486667,1.36885,158.324],
			"GPSLocation": [63.59741667,1.421766667,63.188],
			"Sensors": {
				"c_autoballast_state": [2,261.417],
				"c_autoballast_volume": [300,253.291],
				"c_climb_bpump": [225,253.295],
				"c_dive_bpump": [-75,253.299],
				"c_iridium_current_num": [1,410951],
				"c_wpt_lat": [6400,73780.2],
				"c_wpt_lon": [200,73780.2],
				"m_avg_climb_rate": [-0.1096613844,261.499],
				"m_avg_dive_rate": [0.1128246281,9547.58],
				"m_avg_upward_inflection_time": [93.75480369,322845],
				"m_battery": [13.83755887,3.067],
				"m_bms_aft_current": [0.105626,3.295],
				"m_bms_ebay_current": [0.098126,3.327],
				"m_bms_pitch_current": [0.089062,3.359],
				"m_coulomb_amphr": [201.41892,3.215],
				"m_coulomb_amphr_total": [230.661308,3.219],
				"m_digifin_leakdetect_reading": [1023,3.588],
				"m_iridium_attempt_num": [1,55.588],
				"m_iridium_signal_strength": [5,43.598],
				"m_leakdetect_voltage": [2.478327228,3.013],
				"m_leakdetect_voltage_forward": [2.488431013,2.977],
				"m_leakdetect_voltage_science": [2.483119658,2.942],
				"m_lithium_battery_relative_charge": [23.11289733,3.25],
				"m_tot_num_inflections": [946,253.465],
				"m_vacuum": [8.887909744,108.455],
				"m_water_vx": [0.08750441225,125.39],
				"m_water_vy": [-0.1612720122,125.394],
				"u_alt_min_depth": [1030,321688]
			},
			"DeviceStr": "devices:(t\/m\/s) errs:   0\/   0\/   0 warn: 122\/ 122\/   0 odd: 987\/ 987\/   3",
			"AbortStr": "ABORT HISTORY: total since reset: 0",
			"Waypoint": {
				"Lat": 64,
				"Lon": 2,
				"Rng": 55584,
				"Brg": 38,
				"AgeStr": "60:53h:m"
			}
		}
	}
}
