{
	"gliders": {
		"durin": {
			"Because": "pitch not commanded [behavior surface_4 start_when = 2.0]",
			"MissionName": "uib02a.mi",
			"SegmentName": "durin_2021_177_0_85",
			"SegmentNum": "0139.0085",
			"VehicleName": "durin",
			"Project": "GIMSOY",
			"Mission": "20210429-GIMSOY",
			"CurrentTimeNum": 738345.3767,
			"CurrentTime": "08-Jul-2021 09:02:24",
			"MissionTime": 949706,
			"MissionStart": "29-Apr-2021 07:30:00",
			"DRLocation": [69.91758333,8.867916667,63.699],
			"GPSTooFar": [696970.15,696970.15,1e+308],
			"GPSInvalid": [69.94738333,8.839266667,160.84],
			"GPSLocation": [69.91758333,8.867916667,65.379],
			"Sensors": {
				"c_autoballast_state": [2,293.48],
				"c_autoballast_volume": [300,284.799],
				"c_climb_bpump": [120,284.803],
				"c_dive_bpump": [-180,284.807],
				"c_iridium_current_num": [1,241058],
				"c_wpt_lat": [6909.28,208314],
				"c_wpt_lon": [1153.68,208314],
				"m_avg_climb_rate": [-0.06082315051,277.099],
				"m_avg_dive_rate": [0.08178686499,10961.7],
				"m_avg_upward_inflection_time": [85.51635005,10873.6],
				"m_battery": [13.92990018,18.788],
				"m_bms_aft_current": [0.175,7.007],
				"m_bms_ebay_current": [0.159688,7.038],
				"m_bms_pitch_current": [0.14,7.07],
				"m_coulomb_amphr": [43.513984,6.926],
				"m_coulomb_amphr_total": [224.804951,6.93],
				"m_digifin_leakdetect_reading": [1022,11.17],
				"m_inflection_depth": [979.6813521,10873.7],
				"m_iridium_attempt_num": [2,59.235],
				"m_iridium_signal_strength": [5,47.23],
				"m_leakdetect_voltage": [2.483974359,26.779],
				"m_leakdetect_voltage_forward": [2.49545177,26.743],
				"m_leakdetect_voltage_science": [2.5,26.708],
				"m_lithium_battery_relative_charge": [25.06501633,6.964],
				"m_tot_num_inflections": [3219,273.171],
				"m_vacuum": [8.797199341,95.902],
				"m_water_vx": [-0.1682515013,128.847],
				"m_water_vy": [-0.128518365,128.851],
				"u_alt_min_depth": ["_NaN_","_NaN_"]
			},
			"DeviceStr": "devices:(t\/m\/s) errs:   0\/   0\/   0 warn:  13\/   5\/   1 odd: 268\/ 252\/   5",
			"AbortStr": "ABORT HISTORY: total since reset: 0",
			"Waypoint": {
				"Lat": 69.15466667,
				"Lon": 11.89466667,
				"Rng": 145532,
				"Brg": 121,
				"AgeStr": "57:51h:m"
			}
		},
		"verd": {
			"Because": "pitch not commanded [behavior surface_4 start_when = 2.0]",
			"MissionName": "uib02a.mi",
			"SegmentName": "verd_2021_178_0_78",
			"SegmentNum": "0050.0078",
			"VehicleName": "verd",
			"Project": "SVINOY",
			"Mission": "20210508-SVINOY",
			"CurrentTimeNum": 738345.5257,
			"CurrentTime": "08-Jul-2021 12:37:00",
			"MissionTime": 910825,
			"MissionStart": "08-May-2021 14:15:00",
			"DRLocation": [64.41936667,0.4141833333,60.122],
			"GPSTooFar": [696970.15,696970.15,1e+308],
			"GPSInvalid": [64.38788333,0.47205,154.405],
			"GPSLocation": [64.41936667,0.4141833333,60.802],
			"Sensors": {
				"c_autoballast_state": [2,273.117],
				"c_autoballast_volume": [300,265.393],
				"c_climb_bpump": [150,265.397],
				"c_dive_bpump": [-150,265.401],
				"c_iridium_current_num": ["_NaN_","_NaN_"],
				"c_wpt_lat": [6439.6,786304],
				"c_wpt_lon": [0,786304],
				"m_avg_climb_rate": [-0.1032743939,265.505],
				"m_avg_dive_rate": [0.1085093124,8990.24],
				"m_avg_upward_inflection_time": [89.04059854,8899.18],
				"m_battery": [14.28842838,11.059],
				"m_bms_aft_current": [0.205,3.429],
				"m_bms_ebay_current": [0.187188,3.461],
				"m_bms_pitch_current": [0.158748,3.493],
				"m_coulomb_amphr": [31.408684,3.349],
				"m_coulomb_amphr_total": [194.664818,3.353],
				"m_digifin_leakdetect_reading": [1022,7.591],
				"m_inflection_depth": [986.030742,8914.25],
				"m_iridium_attempt_num": [1,55.658],
				"m_iridium_signal_strength": [4,43.597],
				"m_leakdetect_voltage": [2.479059829,23.204],
				"m_leakdetect_voltage_forward": [2.488492063,23.169],
				"m_leakdetect_voltage_science": [2.483058608,23.133],
				"m_lithium_battery_relative_charge": [35.11172733,3.387],
				"m_tot_num_inflections": [1818,261.579],
				"m_vacuum": [8.854532454,104.472],
				"m_water_vx": [0.006215907666,125.41],
				"m_water_vy": [0.005373175627,125.414],
				"u_alt_min_depth": ["_NaN_","_NaN_"]
			},
			"DeviceStr": "devices:(t\/m\/s) errs:   0\/   0\/   0 warn:  11\/  11\/   0 odd: 188\/ 188\/   3",
			"AbortStr": "ABORT HISTORY: total since reset: 0",
			"Waypoint": {
				"Lat": 64.66,
				"Lon": 0,
				"Rng": 32032,
				"Brg": 331,
				"AgeStr": "252:59h:m"
			}
		}
	}
}
