{
	"gliders": {
		"durin": {
			"Because": "pitch not commanded [behavior surface_4 start_when = 2.0]",
			"MissionName": "uib02a.mi",
			"SegmentName": "durin_2021_134_1_273",
			"SegmentNum": "0133.0273",
			"VehicleName": "durin",
			"Project": "GIMSOY",
			"Mission": "20210429-GIMSOY",
			"CurrentTimeNum": 738314.733,
			"CurrentTime": "07-Jun-2021 17:35:30",
			"MissionTime": 2028912,
			"MissionStart": "29-Apr-2021 07:30:00",
			"DRLocation": [68.77293333,11.8689,63.533],
			"GPSTooFar": [696970.15,696970.15,1e+308],
			"GPSInvalid": [68.74736667,11.9532,160.816],
			"GPSLocation": [68.77293333,11.8689,65.203],
			"Sensors": {
				"c_autoballast_state": [2,321.284],
				"c_autoballast_volume": [300,313.316],
				"c_climb_bpump": [120,313.32],
				"c_dive_bpump": [-180,313.324],
				"c_iridium_current_num": ["_NaN_","_NaN_"],
				"c_wpt_lat": [7010.02,55643.8],
				"c_wpt_lon": [848,55643.8],
				"m_avg_climb_rate": [-0.09237215851,313.872],
				"m_avg_dive_rate": [0.1091814445,9146.99],
				"m_avg_upward_inflection_time": [273.2034531,9074.94],
				"m_battery": [14.9767329,54.683],
				"m_bms_aft_current": [0.188752,3.446],
				"m_bms_ebay_current": [0.17344,3.478],
				"m_bms_pitch_current": [0.151876,3.51],
				"m_coulomb_amphr": [79.165088,3.366],
				"m_coulomb_amphr_total": [122.720236,3.37],
				"m_digifin_leakdetect_reading": [1023,3.597],
				"m_inflection_depth": [980.2043379,9074.98],
				"m_iridium_attempt_num": [1,59.06],
				"m_iridium_signal_strength": [3,47.075],
				"m_leakdetect_voltage": [2.483730159,58.662],
				"m_leakdetect_voltage_forward": [2.494993895,58.627],
				"m_leakdetect_voltage_science": [2.5,58.592],
				"m_lithium_battery_relative_charge": [59.09325467,3.404],
				"m_tot_num_inflections": [2911,309.88],
				"m_vacuum": [8.645505714,114.791],
				"m_water_vx": [0.02450037297,128.873],
				"m_water_vy": [0.0682278123,128.877],
				"u_alt_min_depth": [150,360638]
			},
			"DeviceStr": "devices:(t\/m\/s) errs:   0\/   0\/   0 warn:  42\/  39\/   0 odd: 586\/ 576\/   4",
			"AbortStr": "ABORT HISTORY: total since reset: 0",
			"Waypoint": {
				"Lat": 70.167,
				"Lon": 8.8,
				"Rng": 196413,
				"Brg": 318,
				"AgeStr": "46:56h:m"
			}
		},
		"verd": {
			"Because": "pitch not commanded [behavior surface_4 start_when = 2.0]",
			"MissionName": "uib02a.mi",
			"SegmentName": "verd_2021_127_6_310",
			"SegmentNum": "0048.0310",
			"VehicleName": "verd",
			"Project": "SVINOY",
			"Mission": "20210508-SVINOY",
			"CurrentTimeNum": 738314.7711,
			"CurrentTime": "07-Jun-2021 18:30:26",
			"MissionTime": 2646502,
			"MissionStart": "08-May-2021 14:15:00",
			"DRLocation": [62.91958333,0.1495833333,123.846],
			"GPSTooFar": [696970.15,696970.15,1e+308],
			"GPSInvalid": [62.89873333,0.1085166667,220.091],
			"GPSLocation": [62.91958333,0.1495833333,126.526],
			"Sensors": {
				"c_autoballast_state": [2,338.933],
				"c_autoballast_volume": [300,333],
				"c_climb_bpump": [150,333.004],
				"c_dive_bpump": [-150,333.008],
				"c_iridium_current_num": ["_NaN_","_NaN_"],
				"c_wpt_lat": [6310.8,29461],
				"c_wpt_lon": [100,29461],
				"m_avg_climb_rate": [-0.1267539202,333.18],
				"m_avg_dive_rate": [0.1158011811,9606.33],
				"m_avg_upward_inflection_time": [270.5403281,80398],
				"m_battery": [15.46410661,27.27],
				"m_bms_aft_current": [0.124688,3.437],
				"m_bms_ebay_current": [0.1175,3.469],
				"m_bms_pitch_current": [0.09375,3.501],
				"m_coulomb_amphr": [90.212332,3.357],
				"m_coulomb_amphr_total": [90.373582,3.361],
				"m_digifin_leakdetect_reading": [1023,3.59],
				"m_inflection_depth": [983.4654348,9508.06],
				"m_iridium_attempt_num": [2,63.301],
				"m_iridium_signal_strength": [5,47.658],
				"m_leakdetect_voltage": [2.478327228,27.22],
				"m_leakdetect_voltage_forward": [2.488308913,27.185],
				"m_leakdetect_voltage_science": [2.483150183,27.15],
				"m_lithium_battery_relative_charge": [69.87547267,3.396],
				"m_tot_num_inflections": [1304,329.235],
				"m_vacuum": [9.282429304,7.314],
				"m_water_vx": [-0.05144166878,189.09],
				"m_water_vy": [-0.0418902962,189.094],
				"u_alt_min_depth": [1050,46236]
			},
			"DeviceStr": "devices:(t\/m\/s) errs:   0\/   0\/   0 warn:  60\/  60\/   0 odd: 590\/ 584\/   5",
			"AbortStr": "ABORT HISTORY: total since reset: 0",
			"Waypoint": {
				"Lat": 63.18,
				"Lon": 1,
				"Rng": 51885,
				"Brg": 60,
				"AgeStr": "81:50h:m"
			}
		}
	}
}
