{
	"gliders": {
		"durin": {
			"Because": "pitch not commanded [behavior surface_4 start_when = 2.0]",
			"MissionName": "uib02a.mi",
			"SegmentName": "durin_2021_077_0_456",
			"SegmentNum": "0118.0456",
			"VehicleName": "durin",
			"Project": "GIMSOY",
			"Mission": "20210313-GIMSOY",
			"CurrentTimeNum": 738267.6333,
			"CurrentTime": "21-Apr-2021 15:11:53",
			"MissionTime": 2927106,
			"MissionStart": "13-Mar-2021 06:20:00",
			"DRLocation": [69.52675,11.49773333,61.08],
			"GPSTooFar": [696970.15,696970.15,1e+308],
			"GPSInvalid": [69.5192,11.54888333,159.233],
			"GPSLocation": [69.52675,11.49773333,63.759],
			"Sensors": {
				"c_autoballast_state": [2,211.889],
				"c_autoballast_volume": [500,205.174],
				"c_climb_bpump": [215,205.177],
				"c_dive_bpump": [-285,205.181],
				"c_iridium_current_num": [1,46519.7],
				"c_wpt_lat": [7010.02,20013],
				"c_wpt_lon": [848,20013],
				"m_avg_climb_rate": [-0.1860260821,205.282],
				"m_avg_dive_rate": [0.1732418013,5657.11],
				"m_avg_upward_inflection_time": [161.6391397,5521.98],
				"m_battery": [14.65930226,7.217],
				"m_bms_aft_current": [0.198436,3.434],
				"m_bms_ebay_current": [0.182188,3.466],
				"m_bms_pitch_current": [0.157816,3.497],
				"m_coulomb_amphr": [130.621568,3.353],
				"m_coulomb_amphr_total": [150.07405,3.357],
				"m_digifin_leakdetect_reading": [1023,7.596],
				"m_inflection_depth": [982.6473674,5541.02],
				"m_iridium_attempt_num": [1,56.61],
				"m_iridium_signal_strength": [5,44.603],
				"m_leakdetect_voltage": [2.484004884,24.209],
				"m_leakdetect_voltage_forward": [2.49520757,24.173],
				"m_leakdetect_voltage_science": [2.5,24.138],
				"m_lithium_battery_relative_charge": [49.97531667,3.391],
				"m_tot_num_inflections": [2367,201.352],
				"m_vacuum": [8.838931648,56.275],
				"m_water_vx": [-0.1046628039,125.295],
				"m_water_vy": [-0.2664945726,125.299],
				"u_alt_min_depth": [1050,328975]
			},
			"DeviceStr": "devices:(t\/m\/s) errs:   0\/   0\/   0 warn:  53\/  53\/   0 odd: 678\/ 678\/   2",
			"AbortStr": "ABORT HISTORY: total since reset: 0",
			"Waypoint": {
				"Lat": 70.167,
				"Lon": 8.8,
				"Rng": 125915,
				"Brg": 301,
				"AgeStr": "55:35h:m"
			}
		},
		"verd": {
			"Because": "pitch not commanded [behavior surface_4 start_when = 2.0]",
			"MissionName": "uib02a.mi",
			"SegmentName": "verd_2021_075_1_455",
			"SegmentNum": "0040.0455",
			"VehicleName": "verd",
			"Project": "SVINOY",
			"Mission": "20210309-SVINOY",
			"CurrentTimeNum": 738267.7467,
			"CurrentTime": "21-Apr-2021 17:55:11",
			"MissionTime": 3048900,
			"MissionStart": "09-Mar-2021 03:30:00",
			"DRLocation": [62.27453333,0.3531666667,60.067],
			"GPSTooFar": [696970.15,696970.15,1e+308],
			"GPSInvalid": [62.28806667,0.3563666667,142.144],
			"GPSLocation": [62.27453333,0.3531666667,62.744],
			"Sensors": {
				"c_autoballast_state": [2,171.362],
				"c_autoballast_volume": [500,164.091],
				"c_climb_bpump": [337.5,164.094],
				"c_dive_bpump": [-162.5,164.098],
				"c_iridium_current_num": [1,57580.7],
				"c_wpt_lat": [6149.98,15955.5],
				"c_wpt_lon": [0,15955.5],
				"m_avg_climb_rate": [-0.208972856,164.198],
				"m_avg_dive_rate": [0.1768019071,3903.88],
				"m_avg_upward_inflection_time": [105.2837741,3807.77],
				"m_battery": [14.42978986,7.068],
				"m_bms_aft_current": [0.155,3.428],
				"m_bms_ebay_current": [0.188752,3.46],
				"m_bms_pitch_current": [0.155,3.491],
				"m_coulomb_amphr": [140.189912,3.347],
				"m_coulomb_amphr_total": [169.4323,3.352],
				"m_digifin_leakdetect_reading": [1023,7.589],
				"m_iridium_attempt_num": [1,55.597],
				"m_iridium_signal_strength": [3,43.591],
				"m_leakdetect_voltage": [2.478998779,39.074],
				"m_leakdetect_voltage_forward": [2.488522589,39.038],
				"m_leakdetect_voltage_science": [2.483241758,39.003],
				"m_lithium_battery_relative_charge": [43.52256667,3.382],
				"m_tot_num_inflections": [592,160.266],
				"m_vacuum": [8.588515458,75.253],
				"m_water_vx": [0.147458905,64.191],
				"m_water_vy": [0.0681932264,64.195],
				"u_alt_min_depth": [10,127321]
			},
			"DeviceStr": "devices:(t\/m\/s) errs:   0\/   0\/   0 warn:  75\/  75\/   0 odd: 683\/ 683\/   2",
			"AbortStr": "ABORT HISTORY: total since reset: 0",
			"Waypoint": {
				"Lat": 61.833,
				"Lon": 0,
				"Rng": 54498,
				"Brg": 209,
				"AgeStr": "297:58h:m"
			}
		}
	}
}
