{
	"gliders": {
		"durin": {
			"Because": "pitch not commanded [behavior surface_4 start_when = 2.0]",
			"MissionName": "uib02a.mi",
			"SegmentName": "durin_2021_118_6_37",
			"SegmentNum": "0127.0037",
			"VehicleName": "durin",
			"Project": "GIMSOY",
			"Mission": "20210429-GIMSOY",
			"CurrentTimeNum": 738277.0003,
			"CurrentTime": "01-May-2021 00:00:22",
			"MissionTime": 147905,
			"MissionStart": "29-Apr-2021 07:30:00",
			"DRLocation": [68.46403333,11.09751667,184.831],
			"GPSTooFar": [696970.15,696970.15,1e+308],
			"GPSInvalid": [68.43628333,11.0951,283.031],
			"GPSLocation": [68.46403333,11.09751667,187.507],
			"Sensors": {
				"c_autoballast_state": [2,349.644],
				"c_autoballast_volume": [300,345.616],
				"c_climb_bpump": [120,345.62],
				"c_dive_bpump": [-180,345.624],
				"c_iridium_current_num": [1,136687],
				"c_wpt_lat": [7010.02,37675],
				"c_wpt_lon": [848,37675.1],
				"m_avg_climb_rate": [-0.150748097,345.729],
				"m_avg_dive_rate": [0.1344217688,5293.75],
				"m_avg_upward_inflection_time": [111.2942223,138006],
				"m_battery": [16.35924544,43.125],
				"m_bms_aft_current": [0.12,3.428],
				"m_bms_ebay_current": [0.108436,3.46],
				"m_bms_pitch_current": [0.095938,3.492],
				"m_coulomb_amphr": [5.909998,3.348],
				"m_coulomb_amphr_total": [6.025,3.352],
				"m_digifin_leakdetect_reading": [1023,7.589],
				"m_inflection_depth": [656.5736448,5229.73],
				"m_iridium_attempt_num": [4,91.299],
				"m_iridium_signal_strength": [5,79.293],
				"m_leakdetect_voltage": [2.484065934,19.191],
				"m_leakdetect_voltage_forward": [2.495238095,19.155],
				"m_leakdetect_voltage_science": [2.5,19.12],
				"m_lithium_battery_relative_charge": [97.99166667,3.385],
				"m_tot_num_inflections": [2455,341.798],
				"m_vacuum": [9.084026154,114.966],
				"m_water_vx": [0.1522847726,248.97],
				"m_water_vy": [0.125849352,248.974],
				"u_alt_min_depth": [200,53343.3]
			},
			"DeviceStr": "devices:(t\/m\/s) errs:   0\/   0\/   0 warn:   5\/   5\/   0 odd:  55\/  33\/   6",
			"AbortStr": "ABORT HISTORY: total since reset: 0",
			"Waypoint": {
				"Lat": 70.167,
				"Lon": 8.8,
				"Rng": 210360,
				"Brg": 331,
				"AgeStr": "10:27h:m"
			}
		},
		"verd": {
			"Because": "pitch not commanded [behavior surface_4 start_when = 2.0]",
			"MissionName": "uib02a.mi",
			"SegmentName": "verd_2021_075_1_667",
			"SegmentNum": "0040.0667",
			"VehicleName": "verd",
			"Project": "SVINOY",
			"Mission": "20210309-SVINOY",
			"CurrentTimeNum": 738277.2708,
			"CurrentTime": "01-May-2021 06:29:59",
			"MissionTime": 3881344,
			"MissionStart": "09-Mar-2021 03:30:00",
			"DRLocation": [63.41711667,1.077916667,61.36],
			"GPSTooFar": [696970.15,696970.15,1e+308],
			"GPSInvalid": [63.39941667,1.065,159.319],
			"GPSLocation": [63.41711667,1.077916667,64.031],
			"Sensors": {
				"c_autoballast_state": [2,221.065],
				"c_autoballast_volume": [500,213.414],
				"c_climb_bpump": [312.5,213.418],
				"c_dive_bpump": [-187.5,213.422],
				"c_iridium_current_num": [1,250462],
				"c_wpt_lat": [6400,58710.7],
				"c_wpt_lon": [200,58710.7],
				"m_avg_climb_rate": [-0.1684273475,221.146],
				"m_avg_dive_rate": [0.171400403,6244.22],
				"m_avg_upward_inflection_time": [93.75480369,162356],
				"m_battery": [13.96247253,32.498],
				"m_bms_aft_current": [0.210936,3.438],
				"m_bms_ebay_current": [0.193436,3.47],
				"m_bms_pitch_current": [0.165936,3.502],
				"m_coulomb_amphr": [194.269016,3.358],
				"m_coulomb_amphr_total": [223.511404,3.362],
				"m_digifin_leakdetect_reading": [1023,3.59],
				"m_iridium_attempt_num": [1,56.881],
				"m_iridium_signal_strength": [5,44.895],
				"m_leakdetect_voltage": [2.478113553,28.3],
				"m_leakdetect_voltage_forward": [2.488461538,28.264],
				"m_leakdetect_voltage_science": [2.483150183,28.229],
				"m_lithium_battery_relative_charge": [25.49619867,3.393],
				"m_tot_num_inflections": [924,213.588],
				"m_vacuum": [9.149921465,36.556],
				"m_water_vx": [-0.09622824488,125.572],
				"m_water_vy": [-0.1115354128,125.576],
				"u_alt_min_depth": [1030,161199]
			},
			"DeviceStr": "devices:(t\/m\/s) errs:   0\/   0\/   0 warn: 114\/ 114\/   1 odd: 952\/ 952\/   2",
			"AbortStr": "ABORT HISTORY: total since reset: 0",
			"Waypoint": {
				"Lat": 64,
				"Lon": 2,
				"Rng": 83105,
				"Brg": 41,
				"AgeStr": "16:18h:m"
			}
		}
	}
}
