{
	"gliders": {
		"durin": {
			"Because": "pitch not commanded [behavior surface_4 start_when = 2.0]",
			"MissionName": "uib02a.mi",
			"SegmentName": "durin_2021_077_0_315",
			"SegmentNum": "0118.0315",
			"VehicleName": "durin",
			"Project": "GIMSOY",
			"Mission": "20210313-GIMSOY",
			"CurrentTimeNum": 738260.2664,
			"CurrentTime": "14-Apr-2021 06:23:34",
			"MissionTime": 2282984,
			"MissionStart": "13-Mar-2021 06:20:00",
			"DRLocation": [68.89815,12.82058333,125.159],
			"GPSTooFar": [696970.15,696970.15,1e+308],
			"GPSInvalid": [68.90096667,12.7864,215.358],
			"GPSLocation": [68.89815,12.82058333,125.212],
			"Sensors": {
				"c_autoballast_state": [2,263.804],
				"c_autoballast_volume": [400,257.233],
				"c_climb_bpump": [190,257.236],
				"c_dive_bpump": [-210,257.24],
				"c_iridium_current_num": [0,714756],
				"c_wpt_lat": [6846.8,84545],
				"c_wpt_lon": [1300,84545],
				"m_avg_climb_rate": [-0.1644878766,263.89],
				"m_avg_dive_rate": [0.1527218169,4925.02],
				"m_avg_upward_inflection_time": [425.7665,1900610],
				"m_battery": [15.21296657,15.211],
				"m_bms_aft_current": [0.10125,3.43],
				"m_bms_ebay_current": [0.092188,3.462],
				"m_bms_pitch_current": [0.085312,3.494],
				"m_coulomb_amphr": [94.456038,3.35],
				"m_coulomb_amphr_total": [113.90852,3.354],
				"m_digifin_leakdetect_reading": [1023,7.592],
				"m_inflection_depth": [728.4356335,4820.93],
				"m_iridium_attempt_num": [2,59.647],
				"m_iridium_signal_strength": [5,43.657],
				"m_leakdetect_voltage": [2.483974359,31.264],
				"m_leakdetect_voltage_forward": [2.49514652,31.228],
				"m_leakdetect_voltage_science": [2.5,31.193],
				"m_lithium_battery_relative_charge": [62.03049333,3.388],
				"m_tot_num_inflections": [2193,257.615],
				"m_vacuum": [9.26056044,15.223],
				"m_water_vx": [0.1722561929,185.352],
				"m_water_vy": [0.2577212531,185.356],
				"u_alt_min_depth": [500,59090.9]
			},
			"DeviceStr": "devices:(t\/m\/s) errs:   0\/   0\/   0 warn:  39\/  39\/   0 odd: 515\/ 515\/   2",
			"AbortStr": "ABORT HISTORY: total since reset: 0",
			"Waypoint": {
				"Lat": 68.78,
				"Lon": 13,
				"Rng": 15650,
				"Brg": 147,
				"AgeStr": "234:50h:m"
			}
		},
		"verd": {
			"Because": "pitch not commanded [behavior surface_4 start_when = 2.0]",
			"MissionName": "uib02a.mi",
			"SegmentName": "verd_2021_075_1_347",
			"SegmentNum": "0040.0347",
			"VehicleName": "verd",
			"Project": "SVINOY",
			"Mission": "20210309-SVINOY",
			"CurrentTimeNum": 738260.223,
			"CurrentTime": "14-Apr-2021 05:21:08",
			"MissionTime": 2390450,
			"MissionStart": "09-Mar-2021 03:30:00",
			"DRLocation": [63.66106667,0.1150333333,61.267],
			"GPSTooFar": [696970.15,696970.15,1e+308],
			"GPSInvalid": [63.69088333,0.11495,157.308],
			"GPSLocation": [63.66106667,0.1150333333,63.936],
			"Sensors": {
				"c_autoballast_state": [2,52693.8],
				"c_autoballast_volume": [400,241.385],
				"c_climb_bpump": [262.5,241.389],
				"c_dive_bpump": [-137.5,241.393],
				"c_iridium_current_num": [0,1085830],
				"c_wpt_lat": [6149.98,414239],
				"c_wpt_lon": [0,414239],
				"m_avg_climb_rate": [-0.1633192812,241.49],
				"m_avg_dive_rate": [0.1501158679,5981.41],
				"m_avg_upward_inflection_time": [99.44983504,5889.35],
				"m_battery": [14.7390694,55.263],
				"m_bms_aft_current": [0.182188,3.437],
				"m_bms_ebay_current": [0.150624,3.469],
				"m_bms_pitch_current": [0.155624,3.501],
				"m_coulomb_amphr": [106.75144,3.357],
				"m_coulomb_amphr_total": [135.993828,3.361],
				"m_digifin_leakdetect_reading": [1023,3.59],
				"m_iridium_attempt_num": [2,55.646],
				"m_iridium_signal_strength": [5,39.645],
				"m_leakdetect_voltage": [2.478693529,23.241],
				"m_leakdetect_voltage_forward": [2.488339438,23.205],
				"m_leakdetect_voltage_science": [2.482905983,23.17],
				"m_lithium_battery_relative_charge": [54.668724,3.392],
				"m_tot_num_inflections": [486,237.559],
				"m_vacuum": [9.170281612,72.495],
				"m_water_vx": [-0.05621221133,125.479],
				"m_water_vy": [0.0259936805,125.483],
				"u_alt_min_depth": [1050,1734850]
			},
			"DeviceStr": "devices:(t\/m\/s) errs:   0\/   0\/   0 warn:  56\/  56\/   0 odd: 542\/ 542\/   2",
			"AbortStr": "ABORT HISTORY: total since reset: 0",
			"Waypoint": {
				"Lat": 61.833,
				"Lon": 0,
				"Rng": 206092,
				"Brg": 191,
				"AgeStr": "115:3h:m"
			}
		}
	}
}
