{
	"gliders": {
		"durin": {
			"Because": "pitch not commanded [behavior surface_4 start_when = 2.0]",
			"MissionName": "uib02a.mi",
			"SegmentName": "durin_2021_177_0_79",
			"SegmentNum": "0139.0079",
			"VehicleName": "durin",
			"Project": "GIMSOY",
			"Mission": "20210429-GIMSOY",
			"CurrentTimeNum": 738344.5959,
			"CurrentTime": "07-Jul-2021 14:18:08",
			"MissionTime": 882288,
			"MissionStart": "29-Apr-2021 07:30:00",
			"DRLocation": [69.99376667,8.87375,56.071],
			"GPSTooFar": [696970.15,696970.15,1e+308],
			"GPSInvalid": [70.01316667,8.883883333,159.343],
			"GPSLocation": [69.99376667,8.87375,60.006],
			"Sensors": {
				"c_autoballast_state": [2,261.498],
				"c_autoballast_volume": [300,253.283],
				"c_climb_bpump": [120,253.287],
				"c_dive_bpump": [-180,253.29],
				"c_iridium_current_num": [1,17364],
				"c_wpt_lat": [6909.28,140896],
				"c_wpt_lon": [1153.68,140896],
				"m_avg_climb_rate": [-0.1148597656,253.586],
				"m_avg_dive_rate": [0.1364573314,10857.5],
				"m_avg_upward_inflection_time": [90.16371864,10745.4],
				"m_battery": [13.97216994,51.22],
				"m_bms_aft_current": [0.174372,3.44],
				"m_bms_ebay_current": [0.15906,3.472],
				"m_bms_pitch_current": [0.139688,3.504],
				"m_coulomb_amphr": [41.036445,3.36],
				"m_coulomb_amphr_total": [222.327412,3.364],
				"m_digifin_leakdetect_reading": [1022,3.592],
				"m_inflection_depth": [980.4646832,10745.4],
				"m_iridium_attempt_num": [1,55.596],
				"m_iridium_signal_strength": [4,39.601],
				"m_leakdetect_voltage": [2.482539683,60.252],
				"m_leakdetect_voltage_forward": [2.49490232,60.217],
				"m_leakdetect_voltage_science": [2.5,60.182],
				"m_lithium_battery_relative_charge": [25.89086267,3.398],
				"m_tot_num_inflections": [3213,249.657],
				"m_vacuum": [8.996255824,55.261],
				"m_water_vx": [-0.2437437799,125.399],
				"m_water_vy": [-0.06841002409,125.403],
				"u_alt_min_depth": ["_NaN_","_NaN_"]
			},
			"DeviceStr": "devices:(t\/m\/s) errs:   0\/   0\/   0 warn:  12\/   4\/   0 odd: 252\/ 236\/   4",
			"AbortStr": "ABORT HISTORY: total since reset: 0",
			"Waypoint": {
				"Lat": 69.15466667,
				"Lon": 11.89466667,
				"Rng": 150312,
				"Brg": 124,
				"AgeStr": "39:8h:m"
			}
		},
		"verd": {
			"Because": "pitch not commanded [behavior surface_4 start_when = 2.0]",
			"MissionName": "uib02a.mi",
			"SegmentName": "verd_2021_178_0_72",
			"SegmentNum": "0050.0072",
			"VehicleName": "verd",
			"Project": "SVINOY",
			"Mission": "20210508-SVINOY",
			"CurrentTimeNum": 738344.7188,
			"CurrentTime": "07-Jul-2021 17:15:07",
			"MissionTime": 839980,
			"MissionStart": "08-May-2021 14:15:00",
			"DRLocation": [64.31343333,0.64765,67.815],
			"GPSTooFar": [696970.15,696970.15,1e+308],
			"GPSInvalid": [64.2918,0.7134666667,167.123],
			"GPSLocation": [64.31343333,0.64765,68.496],
			"Sensors": {
				"c_autoballast_state": [2,297.09],
				"c_autoballast_volume": [300,289.148],
				"c_climb_bpump": [150,289.152],
				"c_dive_bpump": [-150,289.156],
				"c_iridium_current_num": ["_NaN_","_NaN_"],
				"c_wpt_lat": [6439.6,715459],
				"c_wpt_lon": [0,715459],
				"m_avg_climb_rate": [-0.1110283873,289.259],
				"m_avg_dive_rate": [0.1150518633,9067.24],
				"m_avg_upward_inflection_time": [89.77995435,8976.17],
				"m_battery": [14.29948349,22.897],
				"m_bms_aft_current": [0.176564,3.445],
				"m_bms_ebay_current": [0.158748,3.477],
				"m_bms_pitch_current": [0.12,3.509],
				"m_coulomb_amphr": [28.936272,3.365],
				"m_coulomb_amphr_total": [192.192406,3.369],
				"m_digifin_leakdetect_reading": [1023,3.596],
				"m_inflection_depth": [983.5288833,8976.2],
				"m_iridium_attempt_num": [1,59.339],
				"m_iridium_signal_strength": [4,47.293],
				"m_leakdetect_voltage": [2.478907204,54.952],
				"m_leakdetect_voltage_forward": [2.488522589,54.917],
				"m_leakdetect_voltage_science": [2.483150183,54.881],
				"m_lithium_battery_relative_charge": [35.93586467,3.403],
				"m_tot_num_inflections": [1808,285.33],
				"m_vacuum": [9.069148425,95.022],
				"m_water_vx": [0.003451165802,129.107],
				"m_water_vy": [-0.03037968953,129.111],
				"u_alt_min_depth": ["_NaN_","_NaN_"]
			},
			"DeviceStr": "devices:(t\/m\/s) errs:   0\/   0\/   0 warn:  10\/  10\/   0 odd: 174\/ 174\/   3",
			"AbortStr": "ABORT HISTORY: total since reset: 0",
			"Waypoint": {
				"Lat": 64.66,
				"Lon": 0,
				"Rng": 47535,
				"Brg": 328,
				"AgeStr": "233:18h:m"
			}
		}
	}
}
