{
	"gliders": {
		"durin": {
			"Because": "pitch not commanded [behavior surface_4 start_when = 2.0]",
			"MissionName": "uib02a.mi",
			"SegmentName": "durin_2021_118_6_24",
			"SegmentNum": "0127.0024",
			"VehicleName": "durin",
			"Project": "GIMSOY",
			"Mission": "20210429-GIMSOY",
			"CurrentTimeNum": 738276.5108,
			"CurrentTime": "30-Apr-2021 12:15:33",
			"MissionTime": 105016,
			"MissionStart": "29-Apr-2021 07:30:00",
			"DRLocation": [68.36558333,11.1182,128.793],
			"GPSTooFar": [696970.15,696970.15,1e+308],
			"GPSInvalid": [68.36046667,11.0859,220.453],
			"GPSLocation": [68.36558333,11.11818333,129.392],
			"Sensors": {
				"c_autoballast_state": [2,305.065],
				"c_autoballast_volume": [300,301.038],
				"c_climb_bpump": [120,301.042],
				"c_dive_bpump": [-180,301.046],
				"c_iridium_current_num": [1,93798.1],
				"c_wpt_lat": [6846.8,93246.9],
				"c_wpt_lon": [1300,93246.9],
				"m_avg_climb_rate": [-0.1356089259,301.149],
				"m_avg_dive_rate": [0.1273113838,2453.38],
				"m_avg_upward_inflection_time": [111.2942223,95116.8],
				"m_battery": [16.38586532,7.211],
				"m_bms_aft_current": [0.0925,3.43],
				"m_bms_ebay_current": [0.084688,3.462],
				"m_bms_pitch_current": [0.074062,3.494],
				"m_coulomb_amphr": [4.298798,3.35],
				"m_coulomb_amphr_total": [4.4138,3.354],
				"m_digifin_leakdetect_reading": [1022,7.588],
				"m_inflection_depth": [294.8623824,2373.25],
				"m_iridium_attempt_num": [1,120.275],
				"m_iridium_signal_strength": [1,107.287],
				"m_leakdetect_voltage": [2.483821734,11.192],
				"m_leakdetect_voltage_forward": [2.495970696,11.157],
				"m_leakdetect_voltage_science": [2.5,11.122],
				"m_lithium_battery_relative_charge": [98.52873333,3.388],
				"m_tot_num_inflections": [2443,297.219],
				"m_vacuum": [9.113172527,15.262],
				"m_water_vx": [0.1011228919,188.947],
				"m_water_vy": [0.002487044649,188.951],
				"u_alt_min_depth": [200,10454.5]
			},
			"DeviceStr": "devices:(t\/m\/s) errs:   0\/   0\/   0 warn:   3\/   3\/   1 odd:  44\/  22\/   0",
			"AbortStr": "ABORT HISTORY: total since reset: 0",
			"Waypoint": {
				"Lat": 68.78,
				"Lon": 13,
				"Rng": 87400,
				"Brg": 56,
				"AgeStr": "29:9h:m"
			}
		},
		"verd": {
			"Because": "no comms for a while [behavior surface_2 start_when = 12.0]",
			"MissionName": "uib02a.mi",
			"SegmentName": "verd_2021_075_1_655",
			"SegmentNum": "0040.0655",
			"VehicleName": "verd",
			"Project": "SVINOY",
			"Mission": "20210309-SVINOY",
			"CurrentTimeNum": 738276.467,
			"CurrentTime": "30-Apr-2021 11:12:33",
			"MissionTime": 3810817,
			"MissionStart": "09-Mar-2021 03:30:00",
			"DRLocation": [63.3341,0.9917333333,60.138],
			"GPSTooFar": [696970.15,696970.15,1e+308],
			"GPSInvalid": [63.25495,1.0364,163.294],
			"GPSLocation": [63.3341,0.99175,63.26],
			"Sensors": {
				"c_autoballast_state": [2,690.255],
				"c_autoballast_volume": [500,690.255],
				"c_climb_bpump": [312.5,690.259],
				"c_dive_bpump": [-187.5,690.263],
				"c_iridium_current_num": [1,179935],
				"c_wpt_lat": [6400,37792.6],
				"c_wpt_lon": [200,37792.6],
				"m_avg_climb_rate": [-0.1913441588,253.475],
				"m_avg_dive_rate": [0.2087574164,527.723],
				"m_avg_upward_inflection_time": [93.75480369,91829.2],
				"m_battery": [14.00900302,11.28],
				"m_bms_aft_current": [0.1025,3.297],
				"m_bms_ebay_current": [0.093438,3.328],
				"m_bms_pitch_current": [0.082814,3.36],
				"m_coulomb_amphr": [190.37156,3.216],
				"m_coulomb_amphr_total": [219.613948,3.22],
				"m_digifin_leakdetect_reading": [1023,3.588],
				"m_iridium_attempt_num": [2,55.659],
				"m_iridium_signal_strength": [4,43.668],
				"m_leakdetect_voltage": [2.478937729,43.268],
				"m_leakdetect_voltage_forward": [2.488675214,43.232],
				"m_leakdetect_voltage_science": [2.483028083,43.197],
				"m_lithium_battery_relative_charge": [26.79535067,3.251],
				"m_tot_num_inflections": [912,249.543],
				"m_vacuum": [9.204326447,67.333],
				"m_water_vx": [0.1194623095,125.468],
				"m_water_vy": [0.1080512168,125.471],
				"u_alt_min_depth": [1030,90672.6]
			},
			"DeviceStr": "devices:(t\/m\/s) errs:   0\/   0\/   0 warn: 112\/ 112\/   3 odd: 934\/ 934\/   3",
			"AbortStr": "ABORT HISTORY: total since reset: 0",
			"Waypoint": {
				"Lat": 64,
				"Lon": 2,
				"Rng": 93616,
				"Brg": 40,
				"AgeStr": "10:29h:m"
			}
		}
	}
}
