{
	"gliders": {
		"durin": {
			"Because": "pitch not commanded [behavior surface_4 start_when = 2.0]",
			"MissionName": "uib02a.mi",
			"SegmentName": "durin_2021_077_0_287",
			"SegmentNum": "0118.0287",
			"VehicleName": "durin",
			"Project": "GIMSOY",
			"Mission": "20210313-GIMSOY",
			"CurrentTimeNum": 738258.2442,
			"CurrentTime": "12-Apr-2021 05:51:42",
			"MissionTime": 2105716,
			"MissionStart": "13-Mar-2021 06:20:00",
			"DRLocation": [68.89443333,12.0615,446.833],
			"GPSTooFar": [696970.15,696970.15,1e+308],
			"GPSInvalid": [68.89735,12.00785,537.989],
			"GPSLocation": [68.89443333,12.0615,447.513],
			"Sensors": {
				"c_autoballast_state": [2,621.519],
				"c_autoballast_volume": [400,615.108],
				"c_climb_bpump": [165,615.112],
				"c_dive_bpump": [-235,615.116],
				"c_iridium_current_num": [0,537488],
				"c_wpt_lat": [6846.8,668182],
				"c_wpt_lon": [1300,668182],
				"m_avg_climb_rate": [-0.1717324037,615.422],
				"m_avg_dive_rate": [0.1686127415,6998.73],
				"m_avg_upward_inflection_time": [425.7665,1723340],
				"m_battery": [15.31589698,63.05],
				"m_bms_aft_current": [0.097188,3.444],
				"m_bms_ebay_current": [0.088438,3.476],
				"m_bms_pitch_current": [0.077186,3.508],
				"m_coulomb_amphr": [86.48509,3.364],
				"m_coulomb_amphr_total": [105.937572,3.368],
				"m_digifin_leakdetect_reading": [1022,3.596],
				"m_inflection_depth": [979.6499176,6891.66],
				"m_iridium_attempt_num": [1,116.214],
				"m_iridium_signal_strength": [3,100.217],
				"m_leakdetect_voltage": [2.483547009,63.001],
				"m_leakdetect_voltage_forward": [2.494932845,62.965],
				"m_leakdetect_voltage_science": [2.5,62.93],
				"m_lithium_battery_relative_charge": [64.687476,3.402],
				"m_tot_num_inflections": [2165,611.492],
				"m_vacuum": [9.24664967,7.258],
				"m_water_vx": [0.1385153284,507.028],
				"m_water_vy": [0.261379961,507.031],
				"u_alt_min_depth": ["_NaN_","_NaN_"]
			},
			"DeviceStr": "devices:(t\/m\/s) errs:   0\/   0\/   0 warn:  37\/  37\/   1 odd: 477\/ 477\/   2",
			"AbortStr": "ABORT HISTORY: total since reset: 0",
			"Waypoint": {
				"Lat": 68.78,
				"Lon": 13,
				"Rng": 41077,
				"Brg": 108,
				"AgeStr": "185:36h:m"
			}
		},
		"verd": {
			"Because": "pitch not commanded [behavior surface_4 start_when = 2.0]",
			"MissionName": "uib02a.mi",
			"SegmentName": "verd_2021_075_1_318",
			"SegmentNum": "0040.0318",
			"VehicleName": "verd",
			"Project": "SVINOY",
			"Mission": "20210309-SVINOY",
			"CurrentTimeNum": 738258.1243,
			"CurrentTime": "12-Apr-2021 02:59:01",
			"MissionTime": 2206260,
			"MissionStart": "09-Mar-2021 03:30:00",
			"DRLocation": [64.06823333,0.1433833333,60.125],
			"GPSTooFar": [696970.15,696970.15,1e+308],
			"GPSInvalid": [64.09946667,0.1677833333,156.413],
			"GPSLocation": [64.06823333,0.1434,61.248],
			"Sensors": {
				"c_autoballast_state": [2,40299.5],
				"c_autoballast_volume": [400,253.363],
				"c_climb_bpump": [287.5,253.367],
				"c_dive_bpump": [-112.5,253.371],
				"c_iridium_current_num": [0,901639],
				"c_wpt_lat": [6149.98,230049],
				"c_wpt_lon": [0,230049],
				"m_avg_climb_rate": [-0.1649377302,253.468],
				"m_avg_dive_rate": [0.1707773613,6904.3],
				"m_avg_upward_inflection_time": [106.7921834,6789.12],
				"m_battery": [14.8465528,11.213],
				"m_bms_aft_current": [0.18156,3.44],
				"m_bms_ebay_current": [0.1725,3.472],
				"m_bms_pitch_current": [0.145312,3.504],
				"m_coulomb_amphr": [97.96628,3.36],
				"m_coulomb_amphr_total": [127.208668,3.364],
				"m_digifin_leakdetect_reading": [1023,3.592],
				"m_iridium_attempt_num": [2,55.647],
				"m_iridium_signal_strength": [5,43.658],
				"m_leakdetect_voltage": [2.479059829,47.247],
				"m_leakdetect_voltage_forward": [2.488644689,47.211],
				"m_leakdetect_voltage_science": [2.482936508,47.176],
				"m_lithium_battery_relative_charge": [57.59711067,3.395],
				"m_tot_num_inflections": [458,249.536],
				"m_vacuum": [9.293777582,51.318],
				"m_water_vx": [0.03959372873,125.405],
				"m_water_vy": [-0.02745266543,125.409],
				"u_alt_min_depth": [1050,1550660]
			},
			"DeviceStr": "devices:(t\/m\/s) errs:   0\/   0\/   0 warn:  52\/  52\/   0 odd: 499\/ 499\/   3",
			"AbortStr": "ABORT HISTORY: total since reset: 0",
			"Waypoint": {
				"Lat": 61.833,
				"Lon": 0,
				"Rng": 252015,
				"Brg": 191,
				"AgeStr": "63:54h:m"
			}
		}
	}
}
